{
  "Name": "global",
  "GameTitle": "A FarmingGame",
  "GameVersion": "v1.0",
  "Files": {
    "global": "global.json",

    "introduction": "config/introduction.json",
    "town": "config/town.json",
    "town_festival": "config/town_festival.json",
    "npc1house": "config/npc1house.json",
    "npc2house": "config/npc2house.json",
    "chicken_house": "config/chicken_house.json",
    "farm": "config/farm.json",
    "beach": "config/beach.json",
    "mine": "config/mine.json",
    "player_house": "config/player_house.json",

    "Player": "config/player.json",
    "Abigail": "config/Abigail.json",
    "Abigail_festival": "config/Abigail_festival.json",
    "Caroline": "config/Caroline.json",
    "Chicken": "config/chicken.json",
    "Cow": "config/cow.json",
    "Haley": "config/Haley.json",
    "Haley_festival": "config/Haley_festival",

    "PlayerPls": "plist/player.plist",
    "AbigailPls": "plist/Abigail.plist",
    "CarolinePls": "plist/Caroline.plist",
    "cauliflowerPls": "plist/cauliflowerPls.plist",
    "ChickenPls": "plist/chicken.plist",
    "CowPls": "plist/cow.plist",
    "HaleyPls": "plist/Haley.plist",
    "potatoPls": "plist/potato.plist",
    "pumpkinPls": "plist/pumpkin.plist",
    "ToolsPls": "plist/tools.plist",
    "mineralPls": "plist/mineral.plist",
    "LandPls": "plist/Land.plist",

    "HelloPic": "image/hello_world.png",
    "CloseNormalPic": "image/close_normal.png",
    "CloseSeletedPic": "image/close_seleted.png",
    "loading_bar": "image/loading_bar.png",
    "FocusPic": "image/selected_tile.png",

    "ArialFon": "fonts/arial.ttf",
    "MarkerFeltFon": "fonst/Marker Felt.ttf",

    "cauliflower": "config/crop_cauliflower.json",
    "potato": "config/crop_potato.json",
    "pumpkin": "config/crop_pumpkin.json",

    "iron": "config/mineral_iron.json",
    "stone": "config/mineral_stone.json",

    "gate": "config/gate.json",

    "Land": "config/Land.json",

    "FISH": "image/bagobjects-0.png",
    "CAULIFLOWER": "image/bagobjects-1.png",
    "POTATO": "image/bagobjects-2.png",
    "PUMPKIN": "image/bagobjects-3.png",
    "SOUP": "image/bagobjects-4.png",
    "FERTILIZER": "image/bagobjects-5.png",
    "IRON": "image/bagobjects-6.png",
    "STONE": "image/bagobjects-7.png",
    "ROCK": "image/bagobjects-7.png",
    "CAULIFLOWER_SEED": "image/bagobjects-8.png",
    "POTATO_SEED": "image/bagobjects-9.png",
    "PUMPKIN_SEED": "image/bagobjects-10.png",
    "FISHING_ROD": "image/bagobjects-11.png",
    "HOE": "image/bagobjects-12.png",
    "PICKAXE": "image/bagobjects-13.png",
    "WATERING_CAN": "image/bagobjects-14.png"
  },
  "UI": [ "ConfigUI" ],
  "Map": [ "beach", "farm", "town", "town_festival", "npc1house", "npc2house", "chicken_house", "mine", "player_house" ]
}