{
  "key_info": {
    "season": "spring",
    "day": 1,
    "money": 1000,
    "level": 1
  },

  "belongings": [
    {
      "type": "HOE",
      "quantity": 1
    },
    {
      "type": "WATERING_CAN",
      "quantity": 1
    },
    {
      "type": "CAULIFLOWER_SEED",
      "quantity": 5
    }
  ],

  "relationship": {
    "Caroline": 0,
    "Abigail": 0,
    "Haley": 0
  },

  "friendship": {
    "Caroline": false,
    "Abigail": false,
    "Haley": false
  },

  "marriage": {
    "Caroline": false,
    "Abigail": false,
    "Haley": false
  },


  "Map": {
    "farm": {
    },
    "mine": {
      "8 13": {
        "Type": "Mineral",
        "Info": {
          "MineralType": "iron",
          "IsMined": false
        }
      },
      "32 8": {
        "Type": "Mineral",
        "Info": {
          "MineralType": "iron",
          "IsMined": false
        }
      },
      "21 8": {
        "Type": "Mineral",
        "Info": {
          "MineralType": "iron",
          "IsMined": false
        }
      },
      "11 9": {
        "Type": "Mineral",
        "Info": {
          "MineralType": "iron",
          "IsMined": false
        }
      },
      "16 10": {
        "Type": "Mineral",
        "Info": {
          "MineralType": "iron",
          "IsMined": false
        }
      },
      "23 9": {
        "Type": "Mineral",
        "Info": {
          "MineralType": "iron",
          "IsMined": false
        }
      },
      "2 10": {
        "Type": "Mineral",
        "Info": {
          "MineralType": "stone",
          "IsMined": false
        }
      },
      "2 12": {
        "Type": "Mineral",
        "Info": {
          "MineralType": "stone",
          "IsMined": false
        }
      },
      "35 7": {
        "Type": "Mineral",
        "Info": {
          "MineralType": "stone",
          "IsMined": false
        }
      },
      "31 13": {
        "Type": "Mineral",
        "Info": {
          "MineralType": "stone",
          "IsMined": false
        }
      },
      "21 10": {
        "Type": "Mineral",
        "Info": {
          "MineralType": "stone",
          "IsMined": false
        }
      },
      "25 8": {
        "Type": "Mineral",
        "Info": {
          "MineralType": "stone",
          "IsMined": false
        }
      },
      "12 6": {
        "Type": "Mineral",
        "Info": {
          "MineralType": "stone",
          "IsMined": false
        }
      },
      "31 14": {
        "Type": "Mineral",
        "Info": {
          "MineralType": "stone",
          "IsMined": false
        }
      },
      "19 10": {
        "Type": "Mineral",
        "Info": {
          "MineralType": "stone",
          "IsMined": false
        }
      },
      "24 9": {
        "Type": "Mineral",
        "Info": {
          "MineralType": "stone",
          "IsMined": false
        }
      },
      "33 12": {
        "Type": "Mineral",
        "Info": {
          "MineralType": "stone",
          "IsMined": false
        }
      },
      "37 11": {
        "Type": "Mineral",
        "Info": {
          "MineralType": "stone",
          "IsMined": false
        }
      }
    },
    "chicken_house": {
      "4 8": {
        "Type": "Animal",
        "Info": {
          "AnimalType": "Chicken",
          "Value": 50,
          "Length": 1
        }
      },
      "5 8": {
        "Type": "Animal",
        "Info": {
          "AnimalType": "Chicken",
          "Value": 50,
          "Length": 1
        }
      },
      "6 8": {
        "Type": "Animal",
        "Info": {
          "AnimalType": "Chicken",
          "Value": 50,
          "Length": 1
        }
      },
      "11 8": {
        "Type": "Animal",
        "Info": {
          "AnimalType": "Cow",
          "Value": 200,
          "Length": 2
        }
      },
      "14 8": {
        "Type": "Animal",
        "Info": {
          "AnimalType": "Cow",
          "Value": 200,
          "Length": 2
        }
      }
    }
  }
}