{
  "Name": "farm",
  "TMX": "TiledMap/farm.tmx",
  "Audio": "Audio/Farm.mp3",
  "BackGroundColor": [0, 79, 152],
  "ObjectList": {
    "49 16": {
      "Type": "Gate",
      "Info": {
        "NextMap": "town",
        "NextPosition": "0 17"
      }
    },
    "29 16": {
      "Type": "Gate",
      "Info": {
        "NextMap": "chicken_house",
        "NextPosition": "9 0"
      }
    },
    "21 23": {
      "Type": "Gate",
      "Info": {
        "NextMap": "mine",
        "NextPosition": "6 13"
      }
    },
    "39 18": {
      "Type": "Gate",
      "Info": {
        "NextMap": "player_house",
        "NextPosition": "9 0"
      }
    },
    "38 18": {
      "Type": "Gate",
      "Info": {
        "NextMap": "player_house",
        "NextPosition": "9 0"
      }
    }
  }

}