{
    "Name": "town_festival",
    "TMX": "tiledmap/town-festival.tmx",
    "Audio": "Audio/Town_Festival.mp3",
    "BackGroundColor":[0, 79, 152],
    "ObjectList": {
        "40 2":{
            "Type":"NPC",
            "Info":{
                "Name":"Haley",
                "emotion":0,
                "marriage":false,
                "friendship":false,
                "festival":true
            }
        },
        "0 17":{
            "Type": "Gate",
            "Info":{
            "NextMap":"farm",
            "NextPosition":"49 16"
            }
        },
        "49 16":{
            "Type": "Gate",
            "Info":{
            "NextMap":"beach",
            "NextPosition":"0 17"
            }
        }
    }
}


