{
  "Name": "town",
  "TMX": "tiledmap/town.tmx",
  "Audio": "Audio/Town.mp3",
  "BackGroundColor":[0, 79, 152],
  "ObjectList": {
    "40 2": {
      "Type": "NPC",
      "Info": {
        "Name": "Haley",
        "favorability": 0,
        "Emotion": 10
      }
    },
    "0 17": {
      "Type": "Gate",
      "Info": {
        "NextMap": "farm",
        "NextPosition": "49 16"
      }
    },
    "49 16": {
      "Type": "Gate",
      "Info": {
        "NextMap": "beach",
        "NextPosition": "0 17"
      }
    },
    "25 19": {
      "Type": "Gate",
      "Info": {
        "NextMap": "npc1house",
        "NextPosition": "7 0"
      }
    },
    "12 5": {
      "Type": "Gate",
      "Info": {
        "NextMap": "npc2house",
        "NextPosition": "7 0"
      }
    }
  }
}


